Pumpen_ID;Pumpentyp;Produktionsdatum;Produktionslinie;Schicht;Materialcharge;Lieferant
P0001;KP-300;2025-01-27;Linie 1;Früh;CH-012;Lieferant A
P0002;KP-200;2025-04-19;Linie 3;Früh;CH-012;Lieferant D
P0003;KP-200;2025-06-10;Linie 3;Früh;CH-014;Lieferant C
P0004;KP-200;2025-06-24;Linie 1;Früh;CH-015;Lieferant B
P0005;KP-300;2025-04-13;Linie 3;Früh;CH-006;Lieferant A
P0006;KP-100;2025-05-30;Linie 2;Früh;CH-015;Lieferant C
P0007;KP-100;2025-01-03;Linie 1;Nacht;CH-009;Lieferant C
P0008;KP-300;2025-06-10;Linie 3;Spät;CH-002;Lieferant C
P0009;KP-100;2025-03-03;Linie 3;Nacht;CH-005;Lieferant D
P0010;KP-200;2025-05-19;Linie 1;Nacht;CH-004;Lieferant B
P0011;KP-100;2025-06-11;Linie 2;Spät;CH-012;Lieferant A
P0012;KP-200;2025-01-25;Linie 1;Spät;CH-002;Lieferant B
P0013;KP-200;2025-01-20;Linie 1;Früh;CH-014;Lieferant B
P0014;KP-200;2025-01-01;Linie 1;Früh;CH-007;Lieferant A
P0015;KP-100;2025-03-22;Linie 3;Spät;CH-012;Lieferant C
P0016;KP-100;2025-01-11;Linie 1;Nacht;CH-010;Lieferant A
P0017;KP-100;2025-06-09;Linie 1;Spät;CH-008;Lieferant A
P0018;KP-300;2025-05-16;Linie 2;Spät;CH-011;Lieferant E
P0019;KP-100;2025-01-14;Linie 2;Früh;CH-015;Lieferant B
P0020;KP-100;2025-01-10;Linie 1;Nacht;CH-009;Lieferant E
P0021;KP-100;2025-06-08;Linie 1;Spät;CH-007;Lieferant D
P0022;KP-200;2025-06-29;Linie 2;Spät;CH-003;Lieferant A
P0023;KP-100;2025-03-31;Linie 1;Nacht;CH-005;Lieferant E
P0024;KP-300;2025-05-28;Linie 1;Spät;CH-007;Lieferant C
P0025;KP-400;2025-03-18;Linie 3;Spät;CH-002;Lieferant C
P0026;KP-200;2025-04-21;Linie 2;Nacht;CH-004;Lieferant B
P0027;KP-100;2025-03-02;Linie 2;Spät;CH-013;Lieferant A
P0028;KP-200;2025-01-28;Linie 1;Spät;CH-013;Lieferant A
P0029;KP-200;2025-05-10;Linie 3;Früh;CH-015;Lieferant D
P0030;KP-200;2025-03-11;Linie 1;Früh;CH-004;Lieferant D
P0031;KP-100;2025-01-06;Linie 3;Früh;CH-012;Lieferant D
P0032;KP-200;2025-05-05;Linie 2;Früh;CH-007;Lieferant A
P0033;KP-200;2025-02-16;Linie 1;Spät;CH-008;Lieferant A
P0034;KP-100;2025-01-18;Linie 2;Nacht;CH-011;Lieferant B
P0035;KP-100;2025-01-30;Linie 2;Spät;CH-010;Lieferant A
P0036;KP-200;2025-06-25;Linie 3;Früh;CH-005;Lieferant C
P0037;KP-300;2025-04-28;Linie 1;Nacht;CH-014;Lieferant C
P0038;KP-100;2025-04-26;Linie 3;Nacht;CH-015;Lieferant A
P0039;KP-400;2025-01-22;Linie 2;Früh;CH-004;Lieferant A
P0040;KP-200;2025-03-26;Linie 2;Früh;CH-009;Lieferant E
P0041;KP-300;2025-03-14;Linie 1;Spät;CH-010;Lieferant D
P0042;KP-300;2025-04-23;Linie 1;Früh;CH-008;Lieferant B
P0043;KP-300;2025-04-17;Linie 3;Früh;CH-009;Lieferant A
P0044;KP-300;2025-03-09;Linie 2;Nacht;CH-004;Lieferant A
P0045;KP-300;2025-06-10;Linie 2;Spät;CH-013;Lieferant E
P0046;KP-200;2025-06-26;Linie 3;Nacht;CH-008;Lieferant B
P0047;KP-100;2025-06-22;Linie 2;Nacht;CH-001;Lieferant C
P0048;KP-400;2025-02-11;Linie 2;Früh;CH-002;Lieferant B
P0049;KP-200;2025-04-29;Linie 2;Nacht;CH-009;Lieferant C
P0050;KP-300;2025-02-10;Linie 1;Nacht;CH-004;Lieferant C
P0051;KP-100;2025-03-04;Linie 2;Früh;CH-008;Lieferant B
P0052;KP-300;2025-05-31;Linie 1;Früh;CH-014;Lieferant D
P0053;KP-400;2025-01-12;Linie 1;Früh;CH-007;Lieferant D
P0054;KP-400;2025-05-15;Linie 1;Früh;CH-002;Lieferant D
P0055;KP-100;2025-06-10;Linie 1;Spät;CH-006;Lieferant C
P0056;KP-100;2025-03-18;Linie 2;Nacht;CH-012;Lieferant B
P0057;KP-100;2025-05-30;Linie 3;Spät;CH-015;Lieferant A
P0058;KP-200;2025-04-27;Linie 2;Spät;CH-005;Lieferant B
P0059;KP-300;2025-01-13;Linie 1;Spät;CH-012;Lieferant C
P0060;KP-300;2025-06-10;Linie 3;Spät;CH-002;Lieferant A
P0061;KP-200;2025-02-12;Linie 3;Spät;CH-014;Lieferant E
P0062;KP-400;2025-05-23;Linie 2;Nacht;CH-013;Lieferant E
P0063;KP-100;2025-03-25;Linie 1;Früh;CH-009;Lieferant D
P0064;KP-200;2025-04-05;Linie 1;Nacht;CH-008;Lieferant A
P0065;KP-200;2025-06-25;Linie 2;Nacht;CH-002;Lieferant D
P0066;KP-300;2025-05-25;Linie 3;Früh;CH-003;Lieferant B
P0067;KP-400;2025-06-19;Linie 3;Spät;CH-002;Lieferant D
P0068;KP-200;2025-01-12;Linie 2;Spät;CH-010;Lieferant A
P0069;KP-300;2025-01-17;Linie 2;Nacht;CH-003;Lieferant B
P0070;KP-100;2025-02-25;Linie 2;Nacht;CH-014;Lieferant C
P0071;KP-300;2025-01-25;Linie 2;Früh;CH-007;Lieferant A
P0072;KP-200;2025-04-01;Linie 3;Früh;CH-005;Lieferant B
P0073;KP-300;2025-06-18;Linie 2;Spät;CH-010;Lieferant C
P0074;KP-100;2025-04-07;Linie 2;Früh;CH-004;Lieferant D
P0075;KP-300;2025-05-12;Linie 2;Früh;CH-013;Lieferant B
P0076;KP-200;2025-01-31;Linie 1;Früh;CH-006;Lieferant B
P0077;KP-100;2025-04-20;Linie 1;Nacht;CH-010;Lieferant D
P0078;KP-100;2025-01-21;Linie 3;Früh;CH-009;Lieferant C
P0079;KP-300;2025-03-07;Linie 3;Nacht;CH-003;Lieferant A
P0080;KP-400;2025-06-10;Linie 2;Spät;CH-014;Lieferant C
P0081;KP-300;2025-04-29;Linie 3;Früh;CH-007;Lieferant C
P0082;KP-200;2025-05-10;Linie 3;Nacht;CH-002;Lieferant E
P0083;KP-300;2025-01-25;Linie 1;Spät;CH-006;Lieferant B
P0084;KP-300;2025-04-07;Linie 1;Spät;CH-009;Lieferant A
P0085;KP-400;2025-02-09;Linie 1;Spät;CH-003;Lieferant A
P0086;KP-200;2025-02-12;Linie 1;Nacht;CH-013;Lieferant D
P0087;KP-400;2025-05-27;Linie 3;Nacht;CH-011;Lieferant A
P0088;KP-300;2025-05-13;Linie 3;Spät;CH-014;Lieferant A
P0089;KP-200;2025-04-09;Linie 1;Früh;CH-004;Lieferant C
P0090;KP-300;2025-01-21;Linie 1;Spät;CH-001;Lieferant B
P0091;KP-300;2025-06-02;Linie 2;Früh;CH-008;Lieferant D
P0092;KP-200;2025-05-10;Linie 1;Nacht;CH-013;Lieferant C
P0093;KP-300;2025-04-01;Linie 3;Spät;CH-001;Lieferant B
P0094;KP-200;2025-03-22;Linie 1;Früh;CH-001;Lieferant A
P0095;KP-200;2025-04-23;Linie 1;Früh;CH-012;Lieferant D
P0096;KP-300;2025-03-25;Linie 3;Spät;CH-002;Lieferant B
P0097;KP-100;2025-04-14;Linie 3;Nacht;CH-011;Lieferant A
P0098;KP-200;2025-04-24;Linie 2;Spät;CH-006;Lieferant E
P0099;KP-200;2025-03-15;Linie 1;Früh;CH-010;Lieferant B
P0100;KP-400;2025-03-18;Linie 2;Spät;CH-005;Lieferant C
P0101;KP-100;2025-02-03;Linie 2;Früh;CH-009;Lieferant D
P0102;KP-300;2025-05-22;Linie 2;Spät;CH-015;Lieferant B
P0103;KP-300;2025-01-21;Linie 1;Nacht;CH-014;Lieferant D
P0104;KP-300;2025-01-11;Linie 2;Spät;CH-010;Lieferant D
P0105;KP-300;2025-06-25;Linie 1;Nacht;CH-013;Lieferant B
P0106;KP-400;2025-05-24;Linie 1;Früh;CH-009;Lieferant D
P0107;KP-400;2025-02-10;Linie 3;Nacht;CH-004;Lieferant D
P0108;KP-100;2025-03-15;Linie 2;Nacht;CH-008;Lieferant C
P0109;KP-200;2025-06-09;Linie 1;Spät;CH-005;Lieferant D
P0110;KP-200;2025-05-13;Linie 1;Früh;CH-008;Lieferant B
P0111;KP-300;2025-01-05;Linie 2;Spät;CH-014;Lieferant B
P0112;KP-200;2025-06-08;Linie 2;Spät;CH-011;Lieferant A
P0113;KP-100;2025-01-16;Linie 2;Spät;CH-014;Lieferant B
P0114;KP-300;2025-06-06;Linie 3;Spät;CH-005;Lieferant D
P0115;KP-200;2025-02-01;Linie 2;Nacht;CH-005;Lieferant D
P0116;KP-300;2025-06-28;Linie 1;Nacht;CH-009;Lieferant B
P0117;KP-200;2025-02-10;Linie 2;Früh;CH-015;Lieferant E
P0118;KP-200;2025-02-14;Linie 2;Spät;CH-015;Lieferant E
P0119;KP-100;2025-03-14;Linie 1;Spät;CH-006;Lieferant E
P0120;KP-300;2025-05-26;Linie 2;Früh;CH-005;Lieferant B
P0121;KP-200;2025-03-10;Linie 3;Früh;CH-008;Lieferant B
P0122;KP-200;2025-06-13;Linie 3;Spät;CH-002;Lieferant B
P0123;KP-200;2025-06-24;Linie 2;Spät;CH-004;Lieferant A
P0124;KP-200;2025-05-06;Linie 2;Früh;CH-010;Lieferant A
P0125;KP-200;2025-04-19;Linie 3;Spät;CH-001;Lieferant C
P0126;KP-400;2025-04-25;Linie 2;Früh;CH-007;Lieferant E
P0127;KP-200;2025-03-18;Linie 2;Früh;CH-001;Lieferant A
P0128;KP-100;2025-01-05;Linie 2;Spät;CH-015;Lieferant E
P0129;KP-100;2025-03-23;Linie 3;Früh;CH-010;Lieferant E
P0130;KP-200;2025-05-07;Linie 2;Früh;CH-009;Lieferant C
P0131;KP-100;2025-01-15;Linie 1;Nacht;CH-008;Lieferant A
P0132;KP-300;2025-01-11;Linie 1;Früh;CH-010;Lieferant C
P0133;KP-400;2025-03-04;Linie 3;Früh;CH-008;Lieferant E
P0134;KP-400;2025-03-23;Linie 2;Nacht;CH-013;Lieferant D
P0135;KP-100;2025-05-21;Linie 1;Früh;CH-008;Lieferant D
P0136;KP-300;2025-01-16;Linie 2;Nacht;CH-011;Lieferant C
P0137;KP-100;2025-06-07;Linie 2;Früh;CH-015;Lieferant C
P0138;KP-300;2025-01-25;Linie 2;Nacht;CH-015;Lieferant A
P0139;KP-300;2025-06-16;Linie 1;Nacht;CH-014;Lieferant A
P0140;KP-200;2025-02-28;Linie 3;Früh;CH-001;Lieferant C
P0141;KP-400;2025-04-12;Linie 1;Nacht;CH-013;Lieferant C
P0142;KP-300;2025-04-22;Linie 1;Spät;CH-002;Lieferant B
P0143;KP-100;2025-06-19;Linie 2;Früh;CH-010;Lieferant A
P0144;KP-200;2025-03-11;Linie 1;Nacht;CH-013;Lieferant B
P0145;KP-400;2025-05-24;Linie 1;Früh;CH-012;Lieferant D
P0146;KP-200;2025-06-10;Linie 2;Früh;CH-004;Lieferant B
P0147;KP-200;2025-03-24;Linie 3;Spät;CH-005;Lieferant C
P0148;KP-200;2025-05-25;Linie 1;Spät;CH-015;Lieferant B
P0149;KP-100;2025-06-12;Linie 3;Spät;CH-003;Lieferant C
P0150;KP-400;2025-05-18;Linie 2;Früh;CH-012;Lieferant E
P0151;KP-400;2025-03-08;Linie 1;Spät;CH-002;Lieferant A
P0152;KP-400;2025-01-30;Linie 2;Früh;CH-002;Lieferant E
P0153;KP-300;2025-02-12;Linie 1;Früh;CH-013;Lieferant A
P0154;KP-300;2025-06-01;Linie 1;Spät;CH-008;Lieferant D
P0155;KP-100;2025-03-22;Linie 1;Spät;CH-011;Lieferant B
P0156;KP-100;2025-04-06;Linie 1;Früh;CH-003;Lieferant B
P0157;KP-200;2025-06-08;Linie 2;Früh;CH-008;Lieferant B
P0158;KP-300;2025-02-26;Linie 2;Früh;CH-013;Lieferant A
P0159;KP-300;2025-04-23;Linie 3;Früh;CH-001;Lieferant D
P0160;KP-200;2025-05-31;Linie 3;Spät;CH-013;Lieferant A
P0161;KP-200;2025-03-10;Linie 1;Nacht;CH-010;Lieferant B
P0162;KP-100;2025-05-06;Linie 1;Früh;CH-007;Lieferant D
P0163;KP-400;2025-01-24;Linie 2;Spät;CH-014;Lieferant C
P0164;KP-300;2025-03-29;Linie 1;Spät;CH-008;Lieferant C
P0165;KP-200;2025-02-10;Linie 3;Nacht;CH-005;Lieferant D
P0166;KP-100;2025-02-27;Linie 1;Früh;CH-010;Lieferant A
P0167;KP-300;2025-02-04;Linie 1;Früh;CH-007;Lieferant B
P0168;KP-300;2025-02-01;Linie 2;Früh;CH-003;Lieferant D
P0169;KP-300;2025-02-22;Linie 2;Nacht;CH-005;Lieferant C
P0170;KP-200;2025-03-23;Linie 2;Nacht;CH-015;Lieferant E
P0171;KP-100;2025-03-15;Linie 1;Früh;CH-009;Lieferant D
P0172;KP-100;2025-06-16;Linie 3;Spät;CH-011;Lieferant B
P0173;KP-200;2025-02-05;Linie 2;Spät;CH-012;Lieferant A
P0174;KP-400;2025-05-15;Linie 3;Früh;CH-005;Lieferant D
P0175;KP-100;2025-01-01;Linie 2;Spät;CH-009;Lieferant A
P0176;KP-300;2025-03-23;Linie 2;Früh;CH-012;Lieferant B
P0177;KP-200;2025-04-27;Linie 1;Nacht;CH-009;Lieferant B
P0178;KP-400;2025-01-07;Linie 3;Früh;CH-007;Lieferant A
P0179;KP-200;2025-03-13;Linie 1;Spät;CH-003;Lieferant A
P0180;KP-200;2025-03-22;Linie 2;Nacht;CH-005;Lieferant A
P0181;KP-100;2025-02-23;Linie 2;Früh;CH-006;Lieferant A
P0182;KP-100;2025-06-23;Linie 2;Nacht;CH-001;Lieferant B
P0183;KP-300;2025-06-11;Linie 1;Früh;CH-011;Lieferant B
P0184;KP-300;2025-02-13;Linie 3;Früh;CH-001;Lieferant E
P0185;KP-100;2025-04-16;Linie 2;Spät;CH-008;Lieferant C
P0186;KP-100;2025-05-05;Linie 1;Spät;CH-013;Lieferant B
P0187;KP-200;2025-01-26;Linie 1;Spät;CH-003;Lieferant A
P0188;KP-400;2025-06-28;Linie 3;Früh;CH-006;Lieferant A
P0189;KP-200;2025-02-26;Linie 1;Früh;CH-010;Lieferant A
P0190;KP-100;2025-04-04;Linie 2;Früh;CH-009;Lieferant A
P0191;KP-400;2025-06-07;Linie 2;Früh;CH-012;Lieferant E
P0192;KP-200;2025-03-23;Linie 3;Nacht;CH-010;Lieferant A
P0193;KP-400;2025-03-27;Linie 1;Spät;CH-015;Lieferant C
P0194;KP-400;2025-05-03;Linie 2;Früh;CH-002;Lieferant C
P0195;KP-100;2025-06-02;Linie 1;Nacht;CH-006;Lieferant E
P0196;KP-400;2025-01-13;Linie 2;Spät;CH-002;Lieferant B
P0197;KP-100;2025-03-20;Linie 2;Nacht;CH-002;Lieferant B
P0198;KP-200;2025-06-28;Linie 1;Nacht;CH-003;Lieferant C
P0199;KP-200;2025-03-18;Linie 3;Spät;CH-008;Lieferant D
P0200;KP-100;2025-01-11;Linie 3;Nacht;CH-003;Lieferant D
P0201;KP-200;2025-01-04;Linie 1;Früh;CH-008;Lieferant B
P0202;KP-200;2025-04-16;Linie 1;Früh;CH-006;Lieferant C
P0203;KP-400;2025-04-06;Linie 2;Früh;CH-005;Lieferant B
P0204;KP-200;2025-01-23;Linie 3;Früh;CH-011;Lieferant B
P0205;KP-200;2025-02-14;Linie 1;Nacht;CH-001;Lieferant D
P0206;KP-300;2025-04-25;Linie 1;Früh;CH-010;Lieferant B
P0207;KP-100;2025-02-27;Linie 2;Nacht;CH-011;Lieferant D
P0208;KP-100;2025-06-14;Linie 1;Nacht;CH-012;Lieferant B
P0209;KP-400;2025-06-05;Linie 3;Nacht;CH-010;Lieferant C
P0210;KP-100;2025-06-03;Linie 2;Früh;CH-014;Lieferant A
P0211;KP-400;2025-05-17;Linie 3;Früh;CH-011;Lieferant D
P0212;KP-300;2025-03-27;Linie 2;Spät;CH-011;Lieferant E
P0213;KP-100;2025-02-19;Linie 2;Spät;CH-008;Lieferant C
P0214;KP-400;2025-01-21;Linie 2;Früh;CH-013;Lieferant D
P0215;KP-300;2025-04-20;Linie 1;Spät;CH-007;Lieferant C
P0216;KP-300;2025-01-27;Linie 1;Spät;CH-003;Lieferant B
P0217;KP-400;2025-02-12;Linie 1;Nacht;CH-004;Lieferant B
P0218;KP-300;2025-06-09;Linie 1;Nacht;CH-009;Lieferant B
P0219;KP-100;2025-01-26;Linie 2;Spät;CH-011;Lieferant B
P0220;KP-100;2025-04-02;Linie 1;Früh;CH-004;Lieferant C
P0221;KP-100;2025-03-07;Linie 1;Spät;CH-002;Lieferant D
P0222;KP-200;2025-02-05;Linie 1;Nacht;CH-001;Lieferant D
P0223;KP-400;2025-04-18;Linie 1;Früh;CH-013;Lieferant D
P0224;KP-300;2025-06-25;Linie 1;Früh;CH-001;Lieferant B
P0225;KP-300;2025-03-28;Linie 2;Früh;CH-014;Lieferant E
P0226;KP-400;2025-05-01;Linie 2;Früh;CH-009;Lieferant E
P0227;KP-100;2025-05-08;Linie 2;Nacht;CH-014;Lieferant B
P0228;KP-200;2025-01-14;Linie 1;Spät;CH-006;Lieferant E
P0229;KP-100;2025-05-14;Linie 1;Spät;CH-009;Lieferant D
P0230;KP-400;2025-01-28;Linie 1;Nacht;CH-006;Lieferant A
P0231;KP-100;2025-05-04;Linie 2;Spät;CH-010;Lieferant B
P0232;KP-400;2025-03-12;Linie 2;Spät;CH-004;Lieferant C
P0233;KP-200;2025-06-09;Linie 2;Spät;CH-004;Lieferant A
P0234;KP-300;2025-04-17;Linie 2;Spät;CH-012;Lieferant E
P0235;KP-100;2025-01-16;Linie 3;Nacht;CH-003;Lieferant C
P0236;KP-200;2025-06-27;Linie 1;Spät;CH-005;Lieferant D
P0237;KP-300;2025-05-31;Linie 3;Spät;CH-013;Lieferant C
P0238;KP-200;2025-03-07;Linie 2;Spät;CH-010;Lieferant A
P0239;KP-300;2025-02-26;Linie 2;Früh;CH-009;Lieferant D
P0240;KP-100;2025-06-16;Linie 3;Spät;CH-009;Lieferant B
P0241;KP-400;2025-05-13;Linie 1;Spät;CH-015;Lieferant B
P0242;KP-400;2025-06-11;Linie 2;Früh;CH-011;Lieferant A
P0243;KP-300;2025-01-19;Linie 1;Spät;CH-002;Lieferant B
P0244;KP-300;2025-05-30;Linie 2;Spät;CH-013;Lieferant C
P0245;KP-300;2025-04-11;Linie 1;Früh;CH-012;Lieferant A
P0246;KP-100;2025-06-02;Linie 3;Früh;CH-010;Lieferant A
P0247;KP-100;2025-05-26;Linie 2;Früh;CH-011;Lieferant A
P0248;KP-100;2025-02-19;Linie 2;Früh;CH-015;Lieferant C
P0249;KP-100;2025-04-03;Linie 1;Spät;CH-014;Lieferant B
P0250;KP-400;2025-06-10;Linie 1;Spät;CH-015;Lieferant B
P0251;KP-200;2025-04-11;Linie 3;Spät;CH-006;Lieferant D
P0252;KP-300;2025-02-10;Linie 2;Früh;CH-008;Lieferant C
P0253;KP-200;2025-04-10;Linie 1;Früh;CH-006;Lieferant E
P0254;KP-200;2025-01-20;Linie 1;Spät;CH-011;Lieferant B
P0255;KP-100;2025-02-08;Linie 1;Früh;CH-004;Lieferant C
P0256;KP-100;2025-06-01;Linie 3;Früh;CH-010;Lieferant A
P0257;KP-100;2025-02-25;Linie 2;Spät;CH-002;Lieferant B
P0258;KP-100;2025-01-18;Linie 2;Früh;CH-010;Lieferant B
P0259;KP-300;2025-01-24;Linie 1;Spät;CH-002;Lieferant C
P0260;KP-200;2025-03-31;Linie 1;Nacht;CH-007;Lieferant D
P0261;KP-400;2025-01-02;Linie 2;Früh;CH-013;Lieferant D
P0262;KP-400;2025-04-12;Linie 2;Früh;CH-011;Lieferant B
P0263;KP-300;2025-06-29;Linie 3;Spät;CH-008;Lieferant D
P0264;KP-200;2025-01-21;Linie 2;Früh;CH-006;Lieferant B
P0265;KP-400;2025-06-03;Linie 3;Spät;CH-013;Lieferant A
P0266;KP-100;2025-03-14;Linie 1;Spät;CH-009;Lieferant E
P0267;KP-100;2025-01-30;Linie 2;Spät;CH-006;Lieferant C
P0268;KP-400;2025-05-04;Linie 2;Spät;CH-001;Lieferant C
P0269;KP-300;2025-03-29;Linie 1;Früh;CH-014;Lieferant C
P0270;KP-100;2025-03-05;Linie 2;Nacht;CH-004;Lieferant A
P0271;KP-200;2025-05-06;Linie 3;Nacht;CH-005;Lieferant C
P0272;KP-200;2025-06-28;Linie 3;Spät;CH-002;Lieferant B
P0273;KP-100;2025-02-23;Linie 3;Früh;CH-007;Lieferant A
P0274;KP-300;2025-02-08;Linie 2;Nacht;CH-013;Lieferant A
P0275;KP-400;2025-03-07;Linie 1;Früh;CH-004;Lieferant A
P0276;KP-400;2025-05-18;Linie 3;Früh;CH-011;Lieferant C
P0277;KP-100;2025-06-06;Linie 1;Nacht;CH-011;Lieferant B
P0278;KP-200;2025-04-16;Linie 3;Früh;CH-008;Lieferant C
P0279;KP-400;2025-01-22;Linie 2;Früh;CH-009;Lieferant D
P0280;KP-100;2025-05-02;Linie 1;Früh;CH-014;Lieferant E
P0281;KP-400;2025-03-30;Linie 2;Spät;CH-015;Lieferant C
P0282;KP-100;2025-05-03;Linie 2;Spät;CH-013;Lieferant B
P0283;KP-300;2025-04-19;Linie 2;Nacht;CH-002;Lieferant A
P0284;KP-100;2025-03-11;Linie 1;Früh;CH-008;Lieferant B
P0285;KP-100;2025-03-21;Linie 1;Früh;CH-007;Lieferant A
P0286;KP-200;2025-01-04;Linie 1;Nacht;CH-007;Lieferant B
P0287;KP-400;2025-02-10;Linie 2;Spät;CH-006;Lieferant B
P0288;KP-100;2025-05-30;Linie 2;Früh;CH-005;Lieferant A
P0289;KP-100;2025-01-16;Linie 2;Nacht;CH-011;Lieferant E
P0290;KP-200;2025-03-06;Linie 1;Spät;CH-003;Lieferant B
P0291;KP-300;2025-04-26;Linie 3;Spät;CH-003;Lieferant A
P0292;KP-300;2025-05-22;Linie 2;Früh;CH-008;Lieferant C
P0293;KP-100;2025-06-18;Linie 1;Früh;CH-007;Lieferant C
P0294;KP-300;2025-04-17;Linie 2;Spät;CH-012;Lieferant B
P0295;KP-200;2025-05-23;Linie 1;Spät;CH-003;Lieferant C
P0296;KP-200;2025-04-01;Linie 1;Früh;CH-008;Lieferant E
P0297;KP-200;2025-04-25;Linie 2;Spät;CH-008;Lieferant B
P0298;KP-400;2025-05-27;Linie 3;Nacht;CH-010;Lieferant C
P0299;KP-400;2025-05-05;Linie 2;Spät;CH-003;Lieferant D
P0300;KP-300;2025-01-31;Linie 1;Nacht;CH-014;Lieferant B
P0301;KP-100;2025-04-11;Linie 2;Früh;CH-012;Lieferant A
P0302;KP-200;2025-02-03;Linie 1;Früh;CH-012;Lieferant B
P0303;KP-200;2025-04-19;Linie 2;Spät;CH-007;Lieferant A
P0304;KP-200;2025-01-22;Linie 3;Früh;CH-003;Lieferant C
P0305;KP-100;2025-03-08;Linie 1;Spät;CH-009;Lieferant A
P0306;KP-100;2025-01-18;Linie 2;Früh;CH-001;Lieferant B
P0307;KP-400;2025-01-23;Linie 1;Früh;CH-009;Lieferant D
P0308;KP-200;2025-03-12;Linie 1;Spät;CH-009;Lieferant A
P0309;KP-300;2025-06-10;Linie 1;Früh;CH-010;Lieferant E
P0310;KP-100;2025-02-07;Linie 2;Nacht;CH-007;Lieferant E
P0311;KP-200;2025-06-13;Linie 3;Nacht;CH-012;Lieferant B
P0312;KP-100;2025-02-04;Linie 2;Früh;CH-008;Lieferant C
P0313;KP-100;2025-02-22;Linie 1;Früh;CH-004;Lieferant D
P0314;KP-300;2025-05-27;Linie 1;Früh;CH-012;Lieferant C
P0315;KP-200;2025-04-23;Linie 2;Spät;CH-005;Lieferant A
P0316;KP-200;2025-06-28;Linie 2;Früh;CH-015;Lieferant D
P0317;KP-300;2025-01-30;Linie 2;Früh;CH-002;Lieferant D
P0318;KP-100;2025-02-07;Linie 1;Nacht;CH-003;Lieferant D
P0319;KP-200;2025-05-07;Linie 3;Spät;CH-015;Lieferant A
P0320;KP-300;2025-02-07;Linie 1;Früh;CH-001;Lieferant C
P0321;KP-300;2025-05-29;Linie 2;Spät;CH-008;Lieferant A
P0322;KP-100;2025-06-28;Linie 3;Früh;CH-004;Lieferant B
P0323;KP-200;2025-04-01;Linie 3;Früh;CH-010;Lieferant C
P0324;KP-100;2025-06-07;Linie 2;Spät;CH-004;Lieferant D
P0325;KP-200;2025-04-12;Linie 1;Früh;CH-006;Lieferant C
P0326;KP-200;2025-04-29;Linie 2;Nacht;CH-006;Lieferant C
P0327;KP-300;2025-01-08;Linie 3;Früh;CH-005;Lieferant E
P0328;KP-300;2025-04-26;Linie 1;Früh;CH-006;Lieferant D
P0329;KP-200;2025-02-06;Linie 2;Nacht;CH-006;Lieferant B
P0330;KP-200;2025-04-30;Linie 1;Nacht;CH-006;Lieferant D
P0331;KP-200;2025-03-12;Linie 3;Spät;CH-003;Lieferant B
P0332;KP-100;2025-02-03;Linie 1;Nacht;CH-001;Lieferant C
P0333;KP-200;2025-06-21;Linie 1;Früh;CH-013;Lieferant A
P0334;KP-300;2025-06-07;Linie 3;Spät;CH-003;Lieferant E
P0335;KP-200;2025-02-02;Linie 3;Früh;CH-010;Lieferant B
P0336;KP-100;2025-06-27;Linie 1;Spät;CH-004;Lieferant A
P0337;KP-200;2025-01-18;Linie 2;Nacht;CH-007;Lieferant A
P0338;KP-300;2025-05-17;Linie 3;Spät;CH-008;Lieferant C
P0339;KP-300;2025-05-11;Linie 3;Nacht;CH-010;Lieferant C
P0340;KP-400;2025-04-08;Linie 1;Spät;CH-006;Lieferant B
P0341;KP-400;2025-05-05;Linie 1;Früh;CH-003;Lieferant C
P0342;KP-200;2025-02-17;Linie 2;Nacht;CH-004;Lieferant B
P0343;KP-200;2025-02-06;Linie 1;Spät;CH-002;Lieferant E
P0344;KP-300;2025-03-21;Linie 2;Spät;CH-010;Lieferant C
P0345;KP-100;2025-05-25;Linie 1;Spät;CH-005;Lieferant C
P0346;KP-100;2025-01-29;Linie 2;Früh;CH-012;Lieferant B
P0347;KP-100;2025-02-09;Linie 3;Nacht;CH-014;Lieferant C
P0348;KP-100;2025-03-19;Linie 3;Früh;CH-008;Lieferant B
P0349;KP-300;2025-01-25;Linie 1;Früh;CH-001;Lieferant C
P0350;KP-200;2025-02-19;Linie 3;Spät;CH-010;Lieferant D
P0351;KP-200;2025-01-24;Linie 2;Früh;CH-010;Lieferant A
P0352;KP-300;2025-04-30;Linie 1;Früh;CH-005;Lieferant A
P0353;KP-100;2025-03-09;Linie 1;Früh;CH-005;Lieferant E
P0354;KP-100;2025-05-27;Linie 2;Früh;CH-002;Lieferant A
P0355;KP-200;2025-04-22;Linie 1;Spät;CH-008;Lieferant D
P0356;KP-400;2025-01-24;Linie 1;Früh;CH-011;Lieferant A
P0357;KP-100;2025-01-22;Linie 1;Früh;CH-008;Lieferant C
P0358;KP-200;2025-01-10;Linie 3;Nacht;CH-001;Lieferant E
P0359;KP-300;2025-06-17;Linie 1;Früh;CH-008;Lieferant D
P0360;KP-300;2025-05-08;Linie 3;Früh;CH-002;Lieferant D
P0361;KP-200;2025-06-01;Linie 1;Nacht;CH-001;Lieferant A
P0362;KP-300;2025-05-05;Linie 2;Früh;CH-015;Lieferant A
P0363;KP-100;2025-06-06;Linie 1;Spät;CH-003;Lieferant A
P0364;KP-400;2025-05-10;Linie 3;Spät;CH-009;Lieferant D
P0365;KP-300;2025-03-06;Linie 1;Spät;CH-007;Lieferant B
P0366;KP-400;2025-06-23;Linie 2;Spät;CH-004;Lieferant B
P0367;KP-100;2025-04-10;Linie 2;Früh;CH-003;Lieferant C
P0368;KP-200;2025-06-04;Linie 2;Spät;CH-005;Lieferant A
P0369;KP-100;2025-03-05;Linie 2;Spät;CH-007;Lieferant A
P0370;KP-300;2025-06-28;Linie 2;Früh;CH-013;Lieferant B
P0371;KP-100;2025-05-27;Linie 2;Früh;CH-014;Lieferant D
P0372;KP-400;2025-03-17;Linie 1;Nacht;CH-001;Lieferant B
P0373;KP-400;2025-04-30;Linie 2;Nacht;CH-006;Lieferant A
P0374;KP-200;2025-02-27;Linie 3;Spät;CH-004;Lieferant E
P0375;KP-200;2025-06-22;Linie 3;Nacht;CH-006;Lieferant B
P0376;KP-100;2025-02-22;Linie 1;Spät;CH-014;Lieferant B
P0377;KP-100;2025-03-27;Linie 3;Früh;CH-011;Lieferant E
P0378;KP-300;2025-01-13;Linie 1;Früh;CH-005;Lieferant B
P0379;KP-300;2025-02-02;Linie 1;Früh;CH-010;Lieferant E
P0380;KP-100;2025-03-23;Linie 1;Nacht;CH-008;Lieferant D
P0381;KP-300;2025-06-26;Linie 3;Spät;CH-006;Lieferant E
P0382;KP-200;2025-05-18;Linie 3;Spät;CH-002;Lieferant A
P0383;KP-200;2025-03-14;Linie 2;Früh;CH-001;Lieferant B
P0384;KP-300;2025-05-31;Linie 3;Spät;CH-014;Lieferant B
P0385;KP-300;2025-02-05;Linie 1;Früh;CH-010;Lieferant B
P0386;KP-300;2025-05-01;Linie 1;Früh;CH-011;Lieferant C
P0387;KP-200;2025-06-10;Linie 1;Spät;CH-005;Lieferant B
P0388;KP-300;2025-04-02;Linie 1;Früh;CH-011;Lieferant B
P0389;KP-200;2025-06-26;Linie 3;Spät;CH-012;Lieferant B
P0390;KP-100;2025-06-07;Linie 2;Nacht;CH-009;Lieferant D
P0391;KP-100;2025-06-02;Linie 1;Spät;CH-008;Lieferant A
P0392;KP-100;2025-01-20;Linie 3;Früh;CH-002;Lieferant D
P0393;KP-200;2025-02-22;Linie 1;Früh;CH-010;Lieferant A
P0394;KP-300;2025-05-29;Linie 2;Spät;CH-014;Lieferant A
P0395;KP-400;2025-01-28;Linie 2;Spät;CH-011;Lieferant A
P0396;KP-300;2025-05-07;Linie 2;Spät;CH-006;Lieferant A
P0397;KP-100;2025-01-04;Linie 3;Spät;CH-003;Lieferant C
P0398;KP-400;2025-02-21;Linie 3;Früh;CH-006;Lieferant E
P0399;KP-300;2025-05-05;Linie 2;Spät;CH-007;Lieferant C
P0400;KP-100;2025-01-25;Linie 2;Früh;CH-010;Lieferant B
P0401;KP-200;2025-01-31;Linie 1;Spät;CH-015;Lieferant E
P0402;KP-100;2025-05-06;Linie 2;Spät;CH-011;Lieferant A
P0403;KP-200;2025-02-02;Linie 3;Früh;CH-001;Lieferant A
P0404;KP-300;2025-06-26;Linie 1;Spät;CH-015;Lieferant C
P0405;KP-300;2025-03-24;Linie 2;Nacht;CH-007;Lieferant B
P0406;KP-200;2025-05-18;Linie 2;Nacht;CH-014;Lieferant D
P0407;KP-100;2025-01-20;Linie 2;Spät;CH-006;Lieferant B
P0408;KP-100;2025-05-08;Linie 1;Spät;CH-010;Lieferant D
P0409;KP-300;2025-06-25;Linie 2;Früh;CH-003;Lieferant A
P0410;KP-300;2025-03-04;Linie 1;Früh;CH-001;Lieferant A
P0411;KP-100;2025-05-05;Linie 2;Spät;CH-012;Lieferant A
P0412;KP-200;2025-05-09;Linie 3;Nacht;CH-010;Lieferant A
P0413;KP-200;2025-04-19;Linie 2;Früh;CH-004;Lieferant D
P0414;KP-200;2025-02-07;Linie 2;Früh;CH-013;Lieferant B
P0415;KP-300;2025-04-03;Linie 1;Spät;CH-012;Lieferant B
P0416;KP-400;2025-04-23;Linie 3;Früh;CH-003;Lieferant D
P0417;KP-300;2025-02-11;Linie 2;Nacht;CH-014;Lieferant D
P0418;KP-100;2025-01-29;Linie 2;Spät;CH-002;Lieferant B
P0419;KP-300;2025-03-14;Linie 1;Spät;CH-013;Lieferant D
P0420;KP-300;2025-02-13;Linie 3;Nacht;CH-012;Lieferant A
P0421;KP-200;2025-03-10;Linie 1;Früh;CH-014;Lieferant E
P0422;KP-100;2025-03-05;Linie 1;Früh;CH-015;Lieferant C
P0423;KP-300;2025-03-02;Linie 1;Früh;CH-006;Lieferant A
P0424;KP-100;2025-05-09;Linie 3;Früh;CH-003;Lieferant A
P0425;KP-400;2025-03-09;Linie 1;Früh;CH-015;Lieferant B
P0426;KP-300;2025-02-16;Linie 3;Früh;CH-004;Lieferant A
P0427;KP-200;2025-02-22;Linie 3;Nacht;CH-002;Lieferant A
P0428;KP-200;2025-01-25;Linie 2;Früh;CH-011;Lieferant D
P0429;KP-300;2025-06-18;Linie 2;Spät;CH-010;Lieferant E
P0430;KP-100;2025-05-21;Linie 2;Früh;CH-002;Lieferant A
P0431;KP-100;2025-04-21;Linie 3;Spät;CH-008;Lieferant A
P0432;KP-100;2025-06-07;Linie 2;Früh;CH-006;Lieferant B
P0433;KP-300;2025-05-03;Linie 1;Spät;CH-013;Lieferant A
P0434;KP-200;2025-03-06;Linie 2;Spät;CH-014;Lieferant D
P0435;KP-300;2025-06-09;Linie 1;Spät;CH-008;Lieferant D
P0436;KP-100;2025-06-27;Linie 1;Früh;CH-008;Lieferant C
P0437;KP-300;2025-01-05;Linie 1;Früh;CH-014;Lieferant A
P0438;KP-300;2025-02-09;Linie 1;Früh;CH-015;Lieferant A
P0439;KP-100;2025-05-29;Linie 3;Früh;CH-008;Lieferant B
P0440;KP-300;2025-03-10;Linie 2;Früh;CH-002;Lieferant B
P0441;KP-100;2025-06-18;Linie 3;Früh;CH-014;Lieferant C
P0442;KP-100;2025-02-03;Linie 1;Spät;CH-008;Lieferant A
P0443;KP-100;2025-01-09;Linie 2;Früh;CH-009;Lieferant D
P0444;KP-200;2025-06-21;Linie 3;Nacht;CH-010;Lieferant D
P0445;KP-100;2025-02-22;Linie 2;Spät;CH-002;Lieferant A
P0446;KP-300;2025-05-02;Linie 2;Früh;CH-004;Lieferant D
P0447;KP-100;2025-05-13;Linie 3;Früh;CH-008;Lieferant B
P0448;KP-300;2025-06-11;Linie 2;Spät;CH-001;Lieferant E
P0449;KP-200;2025-06-29;Linie 3;Nacht;CH-003;Lieferant C
P0450;KP-400;2025-02-02;Linie 1;Spät;CH-012;Lieferant B
P0451;KP-200;2025-04-06;Linie 2;Spät;CH-014;Lieferant D
P0452;KP-300;2025-03-31;Linie 3;Spät;CH-004;Lieferant D
P0453;KP-100;2025-02-03;Linie 2;Früh;CH-007;Lieferant A
P0454;KP-200;2025-02-11;Linie 3;Spät;CH-014;Lieferant E
P0455;KP-400;2025-01-29;Linie 1;Nacht;CH-007;Lieferant C
P0456;KP-200;2025-02-16;Linie 1;Nacht;CH-004;Lieferant D
P0457;KP-200;2025-06-12;Linie 2;Spät;CH-009;Lieferant D
P0458;KP-200;2025-01-23;Linie 3;Nacht;CH-011;Lieferant D
P0459;KP-200;2025-05-09;Linie 1;Spät;CH-008;Lieferant A
P0460;KP-300;2025-01-06;Linie 2;Früh;CH-014;Lieferant A
P0461;KP-300;2025-06-07;Linie 1;Nacht;CH-001;Lieferant C
P0462;KP-100;2025-05-10;Linie 1;Spät;CH-009;Lieferant A
P0463;KP-400;2025-02-02;Linie 2;Früh;CH-013;Lieferant C
P0464;KP-200;2025-06-08;Linie 3;Spät;CH-008;Lieferant A
P0465;KP-200;2025-01-18;Linie 2;Früh;CH-010;Lieferant D
P0466;KP-300;2025-03-11;Linie 1;Früh;CH-008;Lieferant D
P0467;KP-400;2025-05-06;Linie 2;Früh;CH-012;Lieferant D
P0468;KP-300;2025-06-28;Linie 3;Früh;CH-013;Lieferant A
P0469;KP-300;2025-04-03;Linie 2;Nacht;CH-008;Lieferant A
P0470;KP-300;2025-02-02;Linie 2;Spät;CH-010;Lieferant A
P0471;KP-300;2025-04-20;Linie 2;Spät;CH-001;Lieferant D
P0472;KP-300;2025-05-17;Linie 3;Früh;CH-007;Lieferant B
P0473;KP-100;2025-01-08;Linie 1;Früh;CH-002;Lieferant C
P0474;KP-200;2025-04-23;Linie 3;Nacht;CH-010;Lieferant D
P0475;KP-400;2025-01-27;Linie 2;Früh;CH-002;Lieferant C
P0476;KP-200;2025-06-16;Linie 3;Nacht;CH-006;Lieferant C
P0477;KP-100;2025-02-05;Linie 2;Spät;CH-004;Lieferant B
P0478;KP-200;2025-06-18;Linie 1;Früh;CH-010;Lieferant A
P0479;KP-200;2025-06-27;Linie 2;Spät;CH-010;Lieferant E
P0480;KP-100;2025-05-04;Linie 1;Früh;CH-004;Lieferant C
P0481;KP-100;2025-04-03;Linie 1;Früh;CH-013;Lieferant C
P0482;KP-300;2025-06-17;Linie 3;Früh;CH-007;Lieferant C
P0483;KP-400;2025-02-03;Linie 3;Früh;CH-015;Lieferant A
P0484;KP-200;2025-05-11;Linie 1;Spät;CH-014;Lieferant D
P0485;KP-200;2025-05-15;Linie 2;Spät;CH-006;Lieferant B
P0486;KP-200;2025-03-07;Linie 3;Spät;CH-006;Lieferant E
P0487;KP-200;2025-04-24;Linie 3;Früh;CH-003;Lieferant B
P0488;KP-100;2025-03-06;Linie 1;Früh;CH-006;Lieferant A
P0489;KP-100;2025-04-14;Linie 1;Nacht;CH-007;Lieferant D
P0490;KP-100;2025-04-29;Linie 2;Spät;CH-014;Lieferant B
P0491;KP-400;2025-04-01;Linie 1;Spät;CH-011;Lieferant B
P0492;KP-200;2025-04-11;Linie 2;Spät;CH-014;Lieferant C
P0493;KP-100;2025-01-07;Linie 2;Früh;CH-008;Lieferant C
P0494;KP-100;2025-04-10;Linie 1;Spät;CH-002;Lieferant B
P0495;KP-200;2025-04-25;Linie 2;Früh;CH-003;Lieferant A
P0496;KP-400;2025-04-11;Linie 2;Spät;CH-005;Lieferant D
P0497;KP-200;2025-06-10;Linie 3;Früh;CH-005;Lieferant D
P0498;KP-300;2025-03-06;Linie 2;Spät;CH-003;Lieferant B
P0499;KP-100;2025-05-05;Linie 2;Früh;CH-008;Lieferant C
P0500;KP-100;2025-01-03;Linie 1;Spät;CH-011;Lieferant A
P0501;KP-100;2025-01-13;Linie 2;Früh;CH-015;Lieferant C
P0502;KP-100;2025-02-28;Linie 2;Spät;CH-001;Lieferant B
P0503;KP-200;2025-06-18;Linie 2;Früh;CH-008;Lieferant A
P0504;KP-300;2025-02-02;Linie 1;Nacht;CH-009;Lieferant C
P0505;KP-100;2025-02-05;Linie 3;Früh;CH-014;Lieferant D
P0506;KP-100;2025-02-09;Linie 1;Früh;CH-008;Lieferant A
P0507;KP-400;2025-01-03;Linie 3;Früh;CH-005;Lieferant A
P0508;KP-300;2025-06-02;Linie 2;Nacht;CH-002;Lieferant A
P0509;KP-200;2025-06-05;Linie 1;Früh;CH-004;Lieferant B
P0510;KP-200;2025-05-02;Linie 2;Spät;CH-006;Lieferant C
P0511;KP-300;2025-05-08;Linie 3;Spät;CH-008;Lieferant C
P0512;KP-200;2025-05-19;Linie 1;Früh;CH-011;Lieferant B
P0513;KP-400;2025-06-06;Linie 1;Spät;CH-006;Lieferant A
P0514;KP-300;2025-02-28;Linie 3;Früh;CH-014;Lieferant C
P0515;KP-300;2025-04-18;Linie 1;Nacht;CH-008;Lieferant C
P0516;KP-100;2025-05-05;Linie 2;Nacht;CH-009;Lieferant D
P0517;KP-100;2025-05-06;Linie 1;Spät;CH-006;Lieferant E
P0518;KP-300;2025-02-11;Linie 2;Spät;CH-002;Lieferant A
P0519;KP-300;2025-05-02;Linie 3;Spät;CH-003;Lieferant D
P0520;KP-200;2025-02-09;Linie 2;Nacht;CH-011;Lieferant C
P0521;KP-400;2025-05-22;Linie 1;Früh;CH-004;Lieferant A
P0522;KP-300;2025-03-23;Linie 1;Spät;CH-014;Lieferant D
P0523;KP-400;2025-01-23;Linie 3;Früh;CH-002;Lieferant A
P0524;KP-200;2025-05-30;Linie 1;Spät;CH-011;Lieferant C
P0525;KP-200;2025-05-18;Linie 3;Früh;CH-012;Lieferant A
P0526;KP-200;2025-05-29;Linie 3;Nacht;CH-012;Lieferant D
P0527;KP-300;2025-04-13;Linie 1;Spät;CH-013;Lieferant A
P0528;KP-100;2025-05-31;Linie 2;Früh;CH-008;Lieferant E
P0529;KP-400;2025-04-19;Linie 1;Früh;CH-015;Lieferant B
P0530;KP-100;2025-06-30;Linie 1;Spät;CH-009;Lieferant E
P0531;KP-400;2025-06-06;Linie 3;Nacht;CH-002;Lieferant A
P0532;KP-400;2025-02-09;Linie 2;Früh;CH-008;Lieferant A
P0533;KP-300;2025-05-11;Linie 2;Früh;CH-003;Lieferant C
P0534;KP-200;2025-06-06;Linie 2;Nacht;CH-006;Lieferant D
P0535;KP-300;2025-02-02;Linie 1;Spät;CH-009;Lieferant A
P0536;KP-400;2025-04-06;Linie 1;Früh;CH-004;Lieferant E
P0537;KP-300;2025-05-01;Linie 1;Spät;CH-006;Lieferant B
P0538;KP-300;2025-02-21;Linie 2;Spät;CH-003;Lieferant B
P0539;KP-200;2025-01-21;Linie 2;Früh;CH-013;Lieferant C
P0540;KP-200;2025-06-12;Linie 2;Früh;CH-007;Lieferant E
P0541;KP-300;2025-03-14;Linie 1;Spät;CH-015;Lieferant C
P0542;KP-200;2025-01-05;Linie 2;Früh;CH-011;Lieferant B
P0543;KP-100;2025-02-02;Linie 1;Nacht;CH-002;Lieferant C
P0544;KP-300;2025-05-18;Linie 1;Spät;CH-015;Lieferant A
P0545;KP-300;2025-03-09;Linie 1;Spät;CH-006;Lieferant B
P0546;KP-300;2025-03-20;Linie 3;Spät;CH-008;Lieferant D
P0547;KP-200;2025-04-12;Linie 2;Früh;CH-011;Lieferant E
P0548;KP-100;2025-04-08;Linie 3;Früh;CH-013;Lieferant B
P0549;KP-100;2025-03-16;Linie 1;Nacht;CH-006;Lieferant B
P0550;KP-100;2025-01-10;Linie 1;Nacht;CH-006;Lieferant D
P0551;KP-300;2025-06-23;Linie 2;Früh;CH-005;Lieferant D
P0552;KP-200;2025-01-23;Linie 3;Nacht;CH-011;Lieferant C
P0553;KP-200;2025-04-11;Linie 1;Früh;CH-014;Lieferant D
P0554;KP-300;2025-02-12;Linie 2;Früh;CH-014;Lieferant D
P0555;KP-100;2025-02-10;Linie 1;Spät;CH-008;Lieferant B
P0556;KP-100;2025-05-31;Linie 1;Nacht;CH-010;Lieferant E
P0557;KP-100;2025-01-13;Linie 2;Früh;CH-001;Lieferant C
P0558;KP-100;2025-02-10;Linie 2;Nacht;CH-007;Lieferant E
P0559;KP-300;2025-03-26;Linie 1;Nacht;CH-013;Lieferant C
P0560;KP-200;2025-01-15;Linie 2;Früh;CH-015;Lieferant B
P0561;KP-200;2025-02-07;Linie 2;Früh;CH-005;Lieferant D
P0562;KP-200;2025-06-27;Linie 1;Früh;CH-001;Lieferant B
P0563;KP-200;2025-04-03;Linie 1;Früh;CH-005;Lieferant B
P0564;KP-200;2025-03-27;Linie 3;Spät;CH-012;Lieferant C
P0565;KP-200;2025-04-13;Linie 2;Spät;CH-012;Lieferant E
P0566;KP-300;2025-03-01;Linie 3;Nacht;CH-007;Lieferant A
P0567;KP-300;2025-05-06;Linie 2;Früh;CH-004;Lieferant A
P0568;KP-100;2025-04-11;Linie 1;Spät;CH-007;Lieferant E
P0569;KP-400;2025-03-13;Linie 3;Spät;CH-011;Lieferant B
P0570;KP-100;2025-03-15;Linie 2;Früh;CH-009;Lieferant C
P0571;KP-100;2025-05-27;Linie 3;Früh;CH-008;Lieferant C
P0572;KP-300;2025-06-07;Linie 1;Spät;CH-003;Lieferant D
P0573;KP-100;2025-01-31;Linie 1;Nacht;CH-004;Lieferant B
P0574;KP-200;2025-05-27;Linie 3;Spät;CH-015;Lieferant D
P0575;KP-200;2025-01-09;Linie 3;Früh;CH-001;Lieferant D
P0576;KP-200;2025-01-06;Linie 3;Früh;CH-015;Lieferant A
P0577;KP-200;2025-03-26;Linie 3;Früh;CH-011;Lieferant A
P0578;KP-100;2025-06-19;Linie 2;Nacht;CH-002;Lieferant B
P0579;KP-100;2025-01-18;Linie 2;Früh;CH-010;Lieferant E
P0580;KP-100;2025-04-28;Linie 1;Spät;CH-005;Lieferant A
P0581;KP-300;2025-01-03;Linie 3;Spät;CH-010;Lieferant A
P0582;KP-300;2025-01-21;Linie 2;Früh;CH-012;Lieferant D
P0583;KP-100;2025-03-05;Linie 2;Früh;CH-006;Lieferant C
P0584;KP-400;2025-05-21;Linie 2;Früh;CH-011;Lieferant A
P0585;KP-100;2025-03-05;Linie 1;Spät;CH-011;Lieferant B
P0586;KP-200;2025-05-09;Linie 2;Spät;CH-003;Lieferant B
P0587;KP-200;2025-04-22;Linie 3;Nacht;CH-005;Lieferant B
P0588;KP-200;2025-01-27;Linie 1;Früh;CH-009;Lieferant B
P0589;KP-200;2025-01-25;Linie 2;Spät;CH-008;Lieferant A
P0590;KP-300;2025-03-24;Linie 1;Spät;CH-006;Lieferant A
P0591;KP-200;2025-05-25;Linie 2;Spät;CH-011;Lieferant A
P0592;KP-400;2025-06-26;Linie 2;Spät;CH-005;Lieferant D
P0593;KP-100;2025-01-13;Linie 1;Spät;CH-013;Lieferant B
P0594;KP-100;2025-01-11;Linie 1;Früh;CH-015;Lieferant A
P0595;KP-400;2025-03-28;Linie 2;Früh;CH-015;Lieferant B
P0596;KP-100;2025-02-06;Linie 2;Spät;CH-003;Lieferant B
P0597;KP-300;2025-06-16;Linie 2;Spät;CH-012;Lieferant D
P0598;KP-100;2025-04-19;Linie 3;Spät;CH-007;Lieferant D
P0599;KP-400;2025-03-16;Linie 3;Nacht;CH-014;Lieferant B
P0600;KP-400;2025-06-19;Linie 1;Nacht;CH-009;Lieferant C
